{
  "avg_precision": 0.10520818578900419,
  "min_precision": 0.057971014492753624,
  "max_precision": 0.2549019607843137,
  "avg_recall": 0.5333333333333333,
  "min_recall": 0.4444444444444444,
  "max_recall": 0.7222222222222222,
  "avg_f1": 0.1704290192084849,
  "min_f1": 0.10256410256410256,
  "max_f1": 0.3768115942028985,
  "avg_query_time": 7.245394468307495,
  "min_query_time": 2.7979462146759033,
  "max_query_time": 9.78160285949707,
  "avg_response_length": 1615.4,
  "min_response_length": 567,
  "max_response_length": 2097,
  "avg_faithfulness": 0.38170661768820335,
  "min_faithfulness": 0.2702702702702703,
  "max_faithfulness": 0.43137254901960786,
  "avg_answer_relevance": 0.16700364474814605,
  "min_answer_relevance": 0.12162162162162163,
  "max_answer_relevance": 0.23529411764705882,
  "avg_context_relevance": 0.06357648676140033,
  "min_context_relevance": 0.021739130434782608,
  "max_context_relevance": 0.12048192771084337,
  "pipeline_info": {
    "llm": {
      "name": "openai-gpt-4o-mini",
      "provider": "openai",
      "model": "gpt-4o-mini",
      "temperature": 0.1,
      "max_tokens": 1000
    },
    "embedding": {
      "name": "openai-text-embedding-ada-002",
      "provider": "openai",
      "model": "text-embedding-ada-002",
      "dimensions": 1536
    },
    "chunking": {
      "name": "fixedsizechunking-chunking",
      "strategy": 1000,
      "chunk_size": 1000,
      "chunk_overlap": 200,
      "separator": "\n"
    },
    "retrieval": {
      "name": "vector-similarity-retrieval",
      "method": "cosine_similarity",
      "chunks_indexed": 988,
      "top_k": 5,
      "similarity_threshold": 0.0
    },
    "is_indexed": true
  },
  "evaluation_info": {
    "enabled_evaluators": [
      "PrecisionRecallEvaluator",
      "TimingEvaluator",
      "RAGASEvaluator"
    ],
    "total_metrics": 22
  },
  "total_evaluation_time": 36.229453563690186,
  "qa_pairs_evaluated": 5
}