{
  "avg_precision": 0.10445749382254661,
  "min_precision": 0.05,
  "max_precision": 0.2765957446808511,
  "avg_recall": 0.5222222222222223,
  "min_recall": 0.3888888888888889,
  "max_recall": 0.7222222222222222,
  "avg_f1": 0.16691241373604587,
  "min_f1": 0.08860759493670886,
  "max_f1": 0.4,
  "avg_query_time": 7.787621974945068,
  "min_query_time": 3.543205976486206,
  "max_query_time": 12.248296737670898,
  "avg_response_length": 1642.8,
  "min_response_length": 477,
  "max_response_length": 2265,
  "avg_faithfulness": 0.49863341686762697,
  "min_faithfulness": 0.47435897435897434,
  "max_faithfulness": 0.5185185185185185,
  "avg_answer_relevance": 0.1730471395658194,
  "min_answer_relevance": 0.11538461538461539,
  "max_answer_relevance": 0.2553191489361702,
  "avg_context_relevance": 0.05513139429473999,
  "min_context_relevance": 0.024096385542168676,
  "max_context_relevance": 0.09929078014184398,
  "pipeline_info": {
    "llm": {
      "name": "openai-gpt-4o-mini",
      "provider": "openai",
      "model": "gpt-4o-mini",
      "temperature": 0.1,
      "max_tokens": 1000
    },
    "embedding": {
      "name": "openai-text-embedding-ada-002",
      "provider": "openai",
      "model": "text-embedding-ada-002",
      "dimensions": 1536
    },
    "chunking": {
      "name": "fixedsizechunking-chunking",
      "strategy": 1000,
      "chunk_size": 1000,
      "chunk_overlap": 200,
      "separator": "\n"
    },
    "retrieval": {
      "name": "vector-similarity-retrieval",
      "method": "cosine_similarity",
      "chunks_indexed": 988,
      "top_k": 5,
      "similarity_threshold": 0.0
    },
    "is_indexed": true
  },
  "evaluation_info": {
    "enabled_evaluators": [
      "PrecisionRecallEvaluator",
      "TimingEvaluator",
      "RAGASEvaluator"
    ],
    "total_metrics": 22
  },
  "total_evaluation_time": 38.941065311431885,
  "qa_pairs_evaluated": 5
}