{
  "avg_precision": 0.20220103453542976,
  "min_precision": 0.05442841234553879,
  "max_precision": 0.5765247271102898,
  "avg_recall": 0.14258044669910558,
  "min_recall": 0.023820600727977828,
  "max_recall": 0.6640422586670921,
  "avg_f1": 0.15636188546556856,
  "min_f1": 0.03772596749030931,
  "max_f1": 0.6171964696091716,
  "avg_query_time": 4.193354613780976,
  "min_query_time": 1.1077895164489746,
  "max_query_time": 13.144236087799072,
  "avg_response_length": 956.86,
  "min_response_length": 203,
  "max_response_length": 2297,
  "avg_faithfulness": 0.39401898726314033,
  "min_faithfulness": 0.17543859649122806,
  "max_faithfulness": 0.7258064516129032,
  "avg_answer_relevance": 0.11004882452785024,
  "min_answer_relevance": 0.04036697247706422,
  "max_answer_relevance": 0.2538461538461539,
  "avg_context_relevance": 0.2622063492063492,
  "min_context_relevance": 0.11428571428571428,
  "max_context_relevance": 0.4222222222222222,
  "avg_dsgvo_score": 0.2824654108311951,
  "min_dsgvo_score": 0.1675468844525106,
  "max_dsgvo_score": 0.4525082508250825,
  "pipeline_info": {
    "llm": {
      "name": "openai-gpt-4o-mini",
      "provider": "openai",
      "model": "gpt-4o-mini",
      "temperature": 0.1,
      "max_tokens": 1000
    },
    "embedding": {
      "name": "sentence-transformers-all-MiniLM-L6-v2",
      "provider": "sentence-transformers",
      "model": "all-MiniLM-L6-v2",
      "device": "cuda",
      "dimensions": 384
    },
    "chunking": {
      "name": "fixedsizechunking-chunking",
      "strategy": 1200,
      "chunk_size": 1200,
      "chunk_overlap": 180,
      "separator": "\n"
    },
    "retrieval": {
      "name": "vector-similarity-retrieval",
      "method": "cosine_similarity",
      "chunks_indexed": 264,
      "top_k": 5,
      "similarity_threshold": 0.1,
      "embedding_dimensions": 384
    },
    "pipeline": {
      "max_context_length": 3500,
      "include_context": true
    },
    "is_indexed": true,
    "dataset": {
      "documents_processed": 99,
      "grouping_applied": true
    }
  },
  "context_optimization": {
    "truncation_rate": 0.0,
    "avg_context_utilization": 0.20744285714285712,
    "avg_chunks_used": 5.0,
    "total_chunks_wasted": 0
  },
  "evaluation_info": {
    "enabled_evaluators": [
      "PrecisionRecallEvaluator",
      "TimingEvaluator",
      "RAGASEvaluator"
    ],
    "total_metrics": 24
  },
  "total_evaluation_time": 420.0645956993103,
  "qa_pairs_evaluated": 100,
  "random_seed": 42
}