{
  "avg_precision": 0.19758338227062897,
  "min_precision": 0.049145558932792974,
  "max_precision": 0.5562928619723752,
  "avg_recall": 0.13958319941180264,
  "min_recall": 0.02672131650855055,
  "max_recall": 0.586130884137763,
  "avg_f1": 0.15162827490604683,
  "min_f1": 0.03461943114417865,
  "max_f1": 0.5708222157279287,
  "avg_query_time": 3.6317938423156737,
  "min_query_time": 0.8159856796264648,
  "max_query_time": 11.415560245513916,
  "avg_response_length": 944.08,
  "min_response_length": 143,
  "max_response_length": 2325,
  "avg_faithfulness": 0.47752285622097856,
  "min_faithfulness": 0.2608695652173913,
  "max_faithfulness": 0.9067796610169492,
  "avg_answer_relevance": 0.11876963643443923,
  "min_answer_relevance": 0.029530201342281882,
  "max_answer_relevance": 0.3,
  "avg_context_relevance": 0.31233730158730155,
  "min_context_relevance": 0.14285714285714285,
  "max_context_relevance": 0.4666666666666667,
  "avg_dsgvo_score": 0.3368597793582813,
  "min_dsgvo_score": 0.2177922077922078,
  "max_dsgvo_score": 0.5398898305084746,
  "pipeline_info": {
    "llm": {
      "name": "openai-gpt-4o-mini",
      "provider": "openai",
      "model": "gpt-4o-mini",
      "temperature": 0.1,
      "max_tokens": 1000
    },
    "embedding": {
      "name": "sentence-transformers-all-MiniLM-L6-v2",
      "provider": "sentence-transformers",
      "model": "all-MiniLM-L6-v2",
      "device": "cuda",
      "dimensions": 384
    },
    "chunking": {
      "name": "fixedsizechunking-chunking",
      "strategy": 2000,
      "chunk_size": 2000,
      "chunk_overlap": 300,
      "separator": "\n"
    },
    "retrieval": {
      "name": "vector-similarity-retrieval",
      "method": "cosine_similarity",
      "chunks_indexed": 179,
      "top_k": 5,
      "similarity_threshold": 0.0,
      "embedding_dimensions": 384
    },
    "pipeline": {
      "max_context_length": 3500,
      "include_context": true
    },
    "is_indexed": true,
    "dataset": {
      "documents_processed": 99,
      "grouping_applied": true
    }
  },
  "context_optimization": {
    "truncation_rate": 0.0,
    "avg_context_utilization": 0.3415828571428572,
    "avg_chunks_used": 5.0,
    "total_chunks_wasted": 0
  },
  "evaluation_info": {
    "enabled_evaluators": [
      "PrecisionRecallEvaluator",
      "TimingEvaluator",
      "RAGASEvaluator"
    ],
    "total_metrics": 24
  },
  "total_evaluation_time": 364.0347821712494,
  "qa_pairs_evaluated": 100,
  "random_seed": 42
}