{
  "avg_precision": 0.20437255513018485,
  "min_precision": 0.049145558932792974,
  "max_precision": 0.5563166126042632,
  "avg_recall": 0.14526630695152215,
  "min_recall": 0.023138446517455922,
  "max_recall": 0.5971700767263427,
  "avg_f1": 0.15770013822749068,
  "min_f1": 0.03461943114417865,
  "max_f1": 0.5733379128122853,
  "avg_query_time": 29.31778069257736,
  "min_query_time": 0.7883317470550537,
  "max_query_time": 2550.795003890991,
  "avg_response_length": 954.72,
  "min_response_length": 143,
  "max_response_length": 2201,
  "avg_faithfulness": 0.4783189405049898,
  "min_faithfulness": 0.2608695652173913,
  "max_faithfulness": 0.9147286821705426,
  "avg_answer_relevance": 0.12259031167891149,
  "min_answer_relevance": 0.02993197278911565,
  "max_answer_relevance": 0.3,
  "avg_context_relevance": 0.31233730158730155,
  "min_context_relevance": 0.14285714285714285,
  "max_context_relevance": 0.4666666666666667,
  "avg_dsgvo_score": 0.3384040240736287,
  "min_dsgvo_score": 0.22691829909221212,
  "max_dsgvo_score": 0.5424788449020652,
  "pipeline_info": {
    "llm": {
      "name": "openai-gpt-4o-mini",
      "provider": "openai",
      "model": "gpt-4o-mini",
      "temperature": 0.1,
      "max_tokens": 1000
    },
    "embedding": {
      "name": "sentence-transformers-all-MiniLM-L6-v2",
      "provider": "sentence-transformers",
      "model": "all-MiniLM-L6-v2",
      "device": "cuda",
      "dimensions": 384
    },
    "chunking": {
      "name": "fixedsizechunking-chunking",
      "strategy": 2000,
      "chunk_size": 2000,
      "chunk_overlap": 300,
      "separator": "\n"
    },
    "retrieval": {
      "name": "vector-similarity-retrieval",
      "method": "cosine_similarity",
      "chunks_indexed": 179,
      "top_k": 5,
      "similarity_threshold": 0.1,
      "embedding_dimensions": 384
    },
    "pipeline": {
      "max_context_length": 3500,
      "include_context": true
    },
    "is_indexed": true,
    "dataset": {
      "documents_processed": 99,
      "grouping_applied": true
    }
  },
  "context_optimization": {
    "truncation_rate": 0.0,
    "avg_context_utilization": 0.3415828571428572,
    "avg_chunks_used": 5.0,
    "total_chunks_wasted": 0
  },
  "evaluation_info": {
    "enabled_evaluators": [
      "PrecisionRecallEvaluator",
      "TimingEvaluator",
      "RAGASEvaluator"
    ],
    "total_metrics": 24
  },
  "total_evaluation_time": 2932.8293418884277,
  "qa_pairs_evaluated": 100,
  "random_seed": 42
}