{
  "avg_precision": 0.20633539048628233,
  "min_precision": 0.049145558932792974,
  "max_precision": 0.599140816177213,
  "avg_recall": 0.14606426141068996,
  "min_recall": 0.025728642203721126,
  "max_recall": 0.5578788995332842,
  "avg_f1": 0.15870146390982603,
  "min_f1": 0.03461943114417865,
  "max_f1": 0.563613706784768,
  "avg_query_time": 3.697564191818237,
  "min_query_time": 0.7559688091278076,
  "max_query_time": 12.558326482772827,
  "avg_response_length": 944.42,
  "min_response_length": 143,
  "max_response_length": 2169,
  "avg_faithfulness": 0.47083850265573696,
  "min_faithfulness": 0.2608695652173913,
  "max_faithfulness": 0.9097744360902256,
  "avg_answer_relevance": 0.12530261152881844,
  "min_answer_relevance": 0.02913907284768212,
  "max_answer_relevance": 0.35000000000000003,
  "avg_context_relevance": 0.31233730158730155,
  "min_context_relevance": 0.14285714285714285,
  "max_context_relevance": 0.4666666666666667,
  "avg_dsgvo_score": 0.3354774951039743,
  "min_dsgvo_score": 0.2177922077922078,
  "max_dsgvo_score": 0.5395538847117795,
  "pipeline_info": {
    "llm": {
      "name": "openai-gpt-4o-mini",
      "provider": "openai",
      "model": "gpt-4o-mini",
      "temperature": 0.1,
      "max_tokens": 1000
    },
    "embedding": {
      "name": "sentence-transformers-all-MiniLM-L6-v2",
      "provider": "sentence-transformers",
      "model": "all-MiniLM-L6-v2",
      "device": "cuda",
      "dimensions": 384
    },
    "chunking": {
      "name": "fixedsizechunking-chunking",
      "strategy": 2000,
      "chunk_size": 2000,
      "chunk_overlap": 300,
      "separator": "\n"
    },
    "retrieval": {
      "name": "vector-similarity-retrieval",
      "method": "cosine_similarity",
      "chunks_indexed": 179,
      "top_k": 3,
      "similarity_threshold": 0.0,
      "embedding_dimensions": 384
    },
    "pipeline": {
      "max_context_length": 3500,
      "include_context": true
    },
    "is_indexed": true,
    "dataset": {
      "documents_processed": 99,
      "grouping_applied": true
    }
  },
  "context_optimization": {
    "truncation_rate": 0.0,
    "avg_context_utilization": 0.3415828571428572,
    "avg_chunks_used": 5.0,
    "total_chunks_wasted": 0
  },
  "evaluation_info": {
    "enabled_evaluators": [
      "PrecisionRecallEvaluator",
      "TimingEvaluator",
      "RAGASEvaluator"
    ],
    "total_metrics": 24
  },
  "total_evaluation_time": 370.72272062301636,
  "qa_pairs_evaluated": 100,
  "random_seed": 42
}