{
  "avg_precision": 0.20448601532683167,
  "min_precision": 0.05730997415413534,
  "max_precision": 0.561670799993761,
  "avg_recall": 0.14382990506309523,
  "min_recall": 0.02361676830138914,
  "max_recall": 0.6531821871573221,
  "avg_f1": 0.1574763698358453,
  "min_f1": 0.03745242710141718,
  "max_f1": 0.6039798485620418,
  "avg_query_time": 2.754383373260498,
  "min_query_time": 0.8558251857757568,
  "max_query_time": 8.717055797576904,
  "avg_response_length": 936.22,
  "min_response_length": 203,
  "max_response_length": 2263,
  "avg_faithfulness": 0.40426361221547635,
  "min_faithfulness": 0.18333333333333332,
  "max_faithfulness": 0.7647058823529411,
  "avg_answer_relevance": 0.1141060209923944,
  "min_answer_relevance": 0.04,
  "max_answer_relevance": 0.2538461538461539,
  "avg_context_relevance": 0.2622063492063492,
  "min_context_relevance": 0.11428571428571428,
  "max_context_relevance": 0.4222222222222222,
  "avg_dsgvo_score": 0.28880488224672635,
  "min_dsgvo_score": 0.1636021505376344,
  "max_dsgvo_score": 0.48177601809954745,
  "pipeline_info": {
    "llm": {
      "name": "openai-gpt-4o-mini",
      "provider": "openai",
      "model": "gpt-4o-mini",
      "temperature": 0.1,
      "max_tokens": 1000
    },
    "embedding": {
      "name": "sentence-transformers-all-MiniLM-L6-v2",
      "provider": "sentence-transformers",
      "model": "all-MiniLM-L6-v2",
      "device": "cuda",
      "dimensions": 384
    },
    "chunking": {
      "name": "fixedsizechunking-chunking",
      "strategy": 1200,
      "chunk_size": 1200,
      "chunk_overlap": 180,
      "separator": "\n"
    },
    "retrieval": {
      "name": "vector-similarity-retrieval",
      "method": "cosine_similarity",
      "chunks_indexed": 264,
      "top_k": 7,
      "similarity_threshold": 0.1,
      "embedding_dimensions": 384
    },
    "pipeline": {
      "max_context_length": 3500,
      "include_context": true
    },
    "is_indexed": true,
    "dataset": {
      "documents_processed": 99,
      "grouping_applied": true
    }
  },
  "context_optimization": {
    "truncation_rate": 0.0,
    "avg_context_utilization": 0.20744285714285712,
    "avg_chunks_used": 5.0,
    "total_chunks_wasted": 0
  },
  "evaluation_info": {
    "enabled_evaluators": [
      "PrecisionRecallEvaluator",
      "TimingEvaluator",
      "RAGASEvaluator"
    ],
    "total_metrics": 24
  },
  "total_evaluation_time": 276.17875361442566,
  "qa_pairs_evaluated": 100,
  "random_seed": 42
}