{
  "ragas_answer_relevancy_mean": 0.0,
  "ragas_answer_relevancy_std": NaN,
  "ragas_faithfulness_mean": 0.0,
  "ragas_faithfulness_std": NaN,
  "bertscore_precision_mean": 0.8067247271537781,
  "bertscore_precision_std": NaN,
  "bertscore_recall_mean": 0.8951272368431091,
  "bertscore_recall_std": NaN,
  "bertscore_f1_mean": 0.8486299514770508,
  "bertscore_f1_std": NaN,
  "execution_time_mean": 2.3390777111053467,
  "execution_time_total": 2.3390777111053467,
  "tokens_per_second_mean": 17.78478748375643,
  "tokens_per_second_total": 17.78478748375643,
  "cost_estimate_mean": 4.559999999999999e-05,
  "cost_estimate_total": 4.559999999999999e-05,
  "total_tokens_mean": 148.0,
  "total_tokens_total": 148.0
}